Category,Brand,IG URL,Confirmed,Type,Website,Notes
other,ace_tattoo_supply,https://www.instagram.com/ace_tattoo_supply/,,,,,
other,acetattoo,https://www.instagram.com/acetattoo/,,,,,
other,acetattoosupply,https://www.instagram.com/acetattoosupply/,,,,,
other,aftercare_tattoo,https://www.instagram.com/aftercare_tattoo/,,,,,
other,alliance_tattoo_supply,https://www.instagram.com/alliance_tattoo_supply/,,,,,
general_supply,alliancetattoosupply,https://www.instagram.com/alliancetattoosupply/,,,,,
other,barb_tattoo_supply,https://www.instagram.com/barb_tattoo_supply/,,,,,
other,barberdts,https://www.instagram.com/barberdts/,,,,,
other,barberdtssupply,https://www.instagram.com/barberdtssupply/,,,,,
other,barbsupply,https://www.instagram.com/barbsupply/,,,,,
other,beijing_tattoo,https://www.instagram.com/beijing_tattoo/,,,,,
other,beijingtattoosupply,https://www.instagram.com/beijingtattoosupply/,,,,,
other,berlin_tattoo_supply,https://www.instagram.com/berlin_tattoo_supply/,,,,,
other,berlintattoosupply,https://www.instagram.com/berlintattoosupply/,,,,,
other,best_tattoo_supply,https://www.instagram.com/best_tattoo_supply/,,,,,
other,besttattoo,https://www.instagram.com/besttattoo/,,,,,
other,bishop_rotary,https://www.instagram.com/bishop_rotary/,,,,,
other,bishop_tattoo,https://www.instagram.com/bishop_tattoo/,,,,,
machine,bishoprotary,https://www.instagram.com/bishoprotary/,,,,,
other,bnb_tattoo_supply,https://www.instagram.com/bnb_tattoo_supply/,,,,,
other,bnbtattoo,https://www.instagram.com/bnbtattoo/,,,,,
other,btfl_tattoo,https://www.instagram.com/btfl_tattoo/,,,,,
other,btfltattoo,https://www.instagram.com/btfltattoo/,,,,,
other,cartridges_tattoo,https://www.instagram.com/cartridges_tattoo/,,,,,
other,chengdu_tattoo,https://www.instagram.com/chengdu_tattoo/,,,,,
other,chengdutattoo,https://www.instagram.com/chengdutattoo/,,,,,
other,cheyenne_professional,https://www.instagram.com/cheyenne_professional/,,,,,
other,cheyennetattoo,https://www.instagram.com/cheyennetattoo/,,,,,
general_supply,cheyennetattooequipment,https://www.instagram.com/cheyennetattooequipment/,,,,,
general_supply,cn_tattoo_supply,https://www.instagram.com/cn_tattoo_supply/,,,,,
other,cntattoo,https://www.instagram.com/cntattoo/,,,,,
other,coil_machine,https://www.instagram.com/coil_machine/,,,,,
other,coiltattoo,https://www.instagram.com/coiltattoo/,,,,,
other,critical_tattoo,https://www.instagram.com/critical_tattoo/,,,,,
other,criticaltattoo,https://www.instagram.com/criticaltattoo/,,,,,
other,crown_tattoo_supply,https://www.instagram.com/crown_tattoo_supply/,,,,,
other,derma_glo,https://www.instagram.com/derma_glo/,,,,,
other,dermaglo,https://www.instagram.com/dermaglo/,,,,,
other,dr_pickle,https://www.instagram.com/dr_pickle/,,,,,
other,dragonhawk_global,https://www.instagram.com/dragonhawk_global/,,,,,
other,dragonhawkofficial,https://www.instagram.com/dragonhawkofficial/,,,,,
other,dragonhawktattoo,https://www.instagram.com/dragonhawktattoo/,,,,,
other,drmpickle,https://www.instagram.com/drmpickle/,,,,,
general_supply,dynamic_tattoo_supply,https://www.instagram.com/dynamic_tattoo_supply/,,,,,
other,dynamiccolortattoo,https://www.instagram.com/dynamiccolortattoo/,,,,,
other,dynamicstattoosupply,https://www.instagram.com/dynamicstattoosupply/,,,,,
other,eagle_tattoo,https://www.instagram.com/eagle_tattoo/,,,,,
general_supply,eagletattoosupply,https://www.instagram.com/eagletattoosupply/,,,,,
other,eikon_tattoo,https://www.instagram.com/eikon_tattoo/,,,,,
other,eikondevice,https://www.instagram.com/eikondevice/,,,,,
other,eikontattoo,https://www.instagram.com/eikontattoo/,,,,,
other,electrum_supply,https://www.instagram.com/electrum_supply/,,,,,
other,electrum_tattoo,https://www.instagram.com/electrum_tattoo/,,,,,
other,element_tattoo_supply,https://www.instagram.com/element_tattoo_supply/,,,,,
general_supply,elementtattoosupply,https://www.instagram.com/elementtattoosupply/,,,,,
general_supply,elite_tattoo_supply,https://www.instagram.com/elite_tattoo_supply/,,,,,
other,elitetattoo,https://www.instagram.com/elitetattoo/,,,,,
other,empire_tattoo_supply,https://www.instagram.com/empire_tattoo_supply/,,,,,
other,empiretattoo,https://www.instagram.com/empiretattoo/,,,,,
ink,eternal_tattoo_ink,https://www.instagram.com/eternal_tattoo_ink/,,,,,
ink,eternalink,https://www.instagram.com/eternalink/,,,,,
general_supply,eternaltattoosupply,https://www.instagram.com/eternaltattoosupply/,,,,,
other,euro_tattoo_supply,https://www.instagram.com/euro_tattoo_supply/,,,,,
other,eurotattoo,https://www.instagram.com/eurotattoo/,,,,,
other,ez_tattoo_supply,https://www.instagram.com/ez_tattoo_supply/,,,,,
other,eztattoosupply,https://www.instagram.com/eztattoosupply/,,,,,
other,fj_tattoo_supply,https://www.instagram.com/fj_tattoo_supply/,,,,,
other,fjtattoo,https://www.instagram.com/fjtattoo/,,,,,
other,fk_irons,https://www.instagram.com/fk_irons/,,,,,
machine,fkirons,https://www.instagram.com/fkirons/,,,,,
other,fkironsofficial,https://www.instagram.com/fkironsofficial/,,,,,
other,fusion_tattoo_supply,https://www.instagram.com/fusion_tattoo_supply/,,,,,
other,fusiontattoo,https://www.instagram.com/fusiontattoo/,,,,,
other,gd_tattoo_supply,https://www.instagram.com/gd_tattoo_supply/,,,,,
other,gdtattoo,https://www.instagram.com/gdtattoo/,,,,,
other,guangzhoutattoogear,https://www.instagram.com/guangzhoutattoogear/,,,,,
other,hangzhoutattoosolution,https://www.instagram.com/hangzhoutattoosolution/,,,,,
aftercare,healing_tattoo,https://www.instagram.com/healing_tattoo/,,,,,
other,hk_machines,https://www.instagram.com/hk_machines/,,,,,
machine,hkmachines,https://www.instagram.com/hkmachines/,,,,,
other,ht_tattoo_supply,https://www.instagram.com/ht_tattoo_supply/,,,,,
other,httattoo,https://www.instagram.com/httattoo/,,,,,
other,hustle_butter,https://www.instagram.com/hustle_butter/,,,,,
other,hustlebutter,https://www.instagram.com/hustlebutter/,,,,,
other,hztattoo,https://www.instagram.com/hztattoo/,,,,,
ink,ink_empire,https://www.instagram.com/ink_empire/,,,,,
other,ink_jet_tattoo,https://www.instagram.com/ink_jet_tattoo/,,,,,
ink,inkempire,https://www.instagram.com/inkempire/,,,,,
other,inkin_tattoo_supply,https://www.instagram.com/inkin_tattoo_supply/,,,,,
other,inkintattoosupply,https://www.instagram.com/inkintattoosupply/,,,,,
ink,inkjecta,https://www.instagram.com/inkjecta/,,,,,
ink,inkjecta_tattoo,https://www.instagram.com/inkjecta_tattoo/,,,,,
ink,inkjet,https://www.instagram.com/inkjet/,,,,,
other,inkmachines_official,https://www.instagram.com/inkmachines_official/,,,,,
other,inkmaster_tattoo,https://www.instagram.com/inkmaster_tattoo/,,,,,
ink,inksoul_tattoo,https://www.instagram.com/inksoul_tattoo/,,,,,
other,inksoultattoosupply,https://www.instagram.com/inksoultattoosupply/,,,,,
ink,intenze_ink,https://www.instagram.com/intenze_ink/,,,,,
other,intenzetattoo,https://www.instagram.com/intenzetattoo/,,,,,
ink,intenzetattooink,https://www.instagram.com/intenzetattooink/,,,,,
other,jz_tattoo_supply,https://www.instagram.com/jz_tattoo_supply/,,,,,
other,jztattoo,https://www.instagram.com/jztattoo/,,,,,
other,keestone_tattoo,https://www.instagram.com/keestone_tattoo/,,,,,
other,keestonetattoo,https://www.instagram.com/keestonetattoo/,,,,,
ink,killer_ink,https://www.instagram.com/killer_ink/,,,,,
other,killertattoosupply,https://www.instagram.com/killertattoosupply/,,,,,
other,king_tattoo_supply,https://www.instagram.com/king_tattoo_supply/,,,,,
other,kingpin_tattoo,https://www.instagram.com/kingpin_tattoo/,,,,,
general_supply,kingpintattoosupply,https://www.instagram.com/kingpintattoosupply/,,,,,
other,kingtattoo_supply,https://www.instagram.com/kingtattoo_supply/,,,,,
other,kurosumi_ink,https://www.instagram.com/kurosumi_ink/,,,,,
other,kurosumi_official,https://www.instagram.com/kurosumi_official/,,,,,
other,kwadron,https://www.instagram.com/kwadron/,,,,,
other,kwadronofficial,https://www.instagram.com/kwadronofficial/,,,,,
other,lion_tattoo_supply,https://www.instagram.com/lion_tattoo_supply/,,,,,
other,liontattoo,https://www.instagram.com/liontattoo/,,,,,
other,lotus_tattoo,https://www.instagram.com/lotus_tattoo/,,,,,
other,lotustattoo_supply,https://www.instagram.com/lotustattoo_supply/,,,,,
other,machine_tattoo_supply,https://www.instagram.com/machine_tattoo_supply/,,,,,
machine,machinetattoo,https://www.instagram.com/machinetattoo/,,,,,
other,mad_rabbit_tattoo,https://www.instagram.com/mad_rabbit_tattoo/,,,,,
other,madrabbit,https://www.instagram.com/madrabbit/,,,,,
other,mast_tattoo_supply,https://www.instagram.com/mast_tattoo_supply/,,,,,
other,masttattoo,https://www.instagram.com/masttattoo/,,,,,
general_supply,masttattoosupply,https://www.instagram.com/masttattoosupply/,,,,,
other,mickey_sharps,https://www.instagram.com/mickey_sharps/,,,,,
other,mickeysharps,https://www.instagram.com/mickeysharps/,,,,,
general_supply,monster_tattoo_supply,https://www.instagram.com/monster_tattoo_supply/,,,,,
other,monstersupplies,https://www.instagram.com/monstersupplies/,,,,,
other,nantatt,https://www.instagram.com/nantatt/,,,,,
other,nantattoo,https://www.instagram.com/nantattoo/,,,,,
needle_cartridge,needle_dragon,https://www.instagram.com/needle_dragon/,,,,,
other,neotat,https://www.instagram.com/neotat/,,,,,
other,neotat_official,https://www.instagram.com/neotat_official/,,,,,
other,new_tattoo_supply,https://www.instagram.com/new_tattoo_supply/,,,,,
other,newtattoo,https://www.instagram.com/newtattoo/,,,,,
other,nextgen_tattoo,https://www.instagram.com/nextgen_tattoo/,,,,,
other,nextgentattoosupply,https://www.instagram.com/nextgentattoosupply/,,,,,
other,north_tattoo_supply,https://www.instagram.com/north_tattoo_supply/,,,,,
other,northtattoo,https://www.instagram.com/northtattoo/,,,,,
other,one_tattoo_supply,https://www.instagram.com/one_tattoo_supply/,,,,,
other,onetattoo,https://www.instagram.com/onetattoo/,,,,,
other,onyx_tattoo_supply,https://www.instagram.com/onyx_tattoo_supply/,,,,,
general_supply,onyxtattoosupply,https://www.instagram.com/onyxtattoosupply/,,,,,
other,painful_pleasures,https://www.instagram.com/painful_pleasures/,,,,,
other,painfulpleasures,https://www.instagram.com/painfulpleasures/,,,,,
other,peach_tattoo,https://www.instagram.com/peach_tattoo/,,,,,
other,peachtattoosupplies,https://www.instagram.com/peachtattoosupplies/,,,,,
other,pen_machine_tattoo,https://www.instagram.com/pen_machine_tattoo/,,,,,
machine,pentattoo,https://www.instagram.com/pentattoo/,,,,,
other,pro_tattoo_supply,https://www.instagram.com/pro_tattoo_supply/,,,,,
other,protattoo,https://www.instagram.com/protattoo/,,,,,
other,radiant_colors_ink,https://www.instagram.com/radiant_colors_ink/,,,,,
ink,radiantcolorsink,https://www.instagram.com/radiantcolorsink/,,,,,
other,recoverytattoo,https://www.instagram.com/recoverytattoo/,,,,,
other,rotary_machine_tattoo,https://www.instagram.com/rotary_machine_tattoo/,,,,,
other,rotarytattoo,https://www.instagram.com/rotarytattoo/,,,,,
other,second_skin_tattoo,https://www.instagram.com/second_skin_tattoo/,,,,,
other,secondskin,https://www.instagram.com/secondskin/,,,,,
other,shanghai_tattoo,https://www.instagram.com/shanghai_tattoo/,,,,,
other,shanghaitattoopro,https://www.instagram.com/shanghaitattoopro/,,,,,
other,shenzheninkmaster,https://www.instagram.com/shenzheninkmaster/,,,,,
other,silverback_tattoo,https://www.instagram.com/silverback_tattoo/,,,,,
other,silverbacktattoo,https://www.instagram.com/silverbacktattoo/,,,,,
other,solid_ink_tattoo,https://www.instagram.com/solid_ink_tattoo/,,,,,
ink,solidinktattoo,https://www.instagram.com/solidinktattoo/,,,,,
other,solong_tattoo,https://www.instagram.com/solong_tattoo/,,,,,
other,solongtattoo,https://www.instagram.com/solongtattoo/,,,,,
other,south_tattoo_supply,https://www.instagram.com/south_tattoo_supply/,,,,,
other,southtattoo,https://www.instagram.com/southtattoo/,,,,,
other,starling_tattoo_supply,https://www.instagram.com/starling_tattoo_supply/,,,,,
other,starlingtattoo,https://www.instagram.com/starlingtattoo/,,,,,
other,stigma_tattoo,https://www.instagram.com/stigma_tattoo/,,,,,
machine,stigmarotary,https://www.instagram.com/stigmarotary/,,,,,
other,stigmatattoosupply,https://www.instagram.com/stigmatattoosupply/,,,,,
other,sun_tattoo_supply,https://www.instagram.com/sun_tattoo_supply/,,,,,
other,suntattoo,https://www.instagram.com/suntattoo/,,,,,
other,tatsoul,https://www.instagram.com/tatsoul/,,,,,
other,tatsoul_official,https://www.instagram.com/tatsoul_official/,,,,,
other,tattoo_aftercare,https://www.instagram.com/tattoo_aftercare/,,,,,
other,tattoo_center,https://www.instagram.com/tattoo_center/,,,,,
other,tattoo_goo,https://www.instagram.com/tattoo_goo/,,,,,
other,tattoo_healing,https://www.instagram.com/tattoo_healing/,,,,,
machine,tattoo_machine_shop,https://www.instagram.com/tattoo_machine_shop/,,,,,
other,tattoo_mart,https://www.instagram.com/tattoo_mart/,,,,,
other,tattoo_recovery,https://www.instagram.com/tattoo_recovery/,,,,,
other,tattoo_star,https://www.instagram.com/tattoo_star/,,,,,
other,tattoo_studio_supply,https://www.instagram.com/tattoo_studio_supply/,,,,,
other,tattoo_wholesale,https://www.instagram.com/tattoo_wholesale/,,,,,
other,tattoocenter,https://www.instagram.com/tattoocenter/,,,,,
other,tattoogear,https://www.instagram.com/tattoogear/,,,,,
other,tattoogoo,https://www.instagram.com/tattoogoo/,,,,,
other,tattoomachineshop,https://www.instagram.com/tattoomachineshop/,,,,,
other,tattoomart,https://www.instagram.com/tattoomart/,,,,,
other,tattooneedledragon,https://www.instagram.com/tattooneedledragon/,,,,,
other,tattoostar,https://www.instagram.com/tattoostar/,,,,,
general_supply,tattoostudiosupply,https://www.instagram.com/tattoostudiosupply/,,,,,
other,tattoosupply247,https://www.instagram.com/tattoosupply247/,,,,,
other,tattoosupply24_7,https://www.instagram.com/tattoosupply24_7/,,,,,
other,tattoowholesale,https://www.instagram.com/tattoowholesale/,,,,,
other,tattooworld,https://www.instagram.com/tattooworld/,,,,,
other,tattooworld_supply,https://www.instagram.com/tattooworld_supply/,,,,,
other,tianjin_tattoo,https://www.instagram.com/tianjin_tattoo/,,,,,
other,tianjintattoo,https://www.instagram.com/tianjintattoo/,,,,,
other,tommys_supplies,https://www.instagram.com/tommys_supplies/,,,,,
other,tommys_tattoo_supply,https://www.instagram.com/tommys_tattoo_supply/,,,,,
other,top_tattoo_supply,https://www.instagram.com/top_tattoo_supply/,,,,,
other,toptattoo,https://www.instagram.com/toptattoo/,,,,,
other,true_tattoo_supply,https://www.instagram.com/true_tattoo_supply/,,,,,
general_supply,truetattoosupply,https://www.instagram.com/truetattoosupply/,,,,,
other,valhaila_jr,https://www.instagram.com/valhaila_jr/,,,,,
other,valhailajr,https://www.instagram.com/valhailajr/,,,,,
other,vetus_tattoo,https://www.instagram.com/vetus_tattoo/,,,,,
other,vetustattoo,https://www.instagram.com/vetustattoo/,,,,,
ink,vicious_ink,https://www.instagram.com/vicious_ink/,,,,,
ink,viciousink,https://www.instagram.com/viciousink/,,,,,
other,wand_tattoo,https://www.instagram.com/wand_tattoo/,,,,,
other,wandtattoo,https://www.instagram.com/wandtattoo/,,,,,
other,warthog_tattoo_supply,https://www.instagram.com/warthog_tattoo_supply/,,,,,
other,warthogtattoo,https://www.instagram.com/warthogtattoo/,,,,,
ink,wicked_ink,https://www.instagram.com/wicked_ink/,,,,,
ink,wickedink,https://www.instagram.com/wickedink/,,,,,
other,workhorse_irons,https://www.instagram.com/workhorse_irons/,,,,,
machine,workhorseirons,https://www.instagram.com/workhorseirons/,,,,,
other,worldfamous_tattoo,https://www.instagram.com/worldfamous_tattoo/,,,,,
ink,worldfamousink,https://www.instagram.com/worldfamousink/,,,,,
other,worldfamoustattoosupply,https://www.instagram.com/worldfamoustattoosupply/,,,,,
other,wuhan_tattoo_supply,https://www.instagram.com/wuhan_tattoo_supply/,,,,,
other,wuhantattoo,https://www.instagram.com/wuhantattoo/,,,,,
other,young_tattoo_supply,https://www.instagram.com/young_tattoo_supply/,,,,,
other,youngtatt,https://www.instagram.com/youngtatt/,,,,,
other,zeus_tattoo_machines,https://www.instagram.com/zeus_tattoo_machines/,,,,,
other,zeustattoo,https://www.instagram.com/zeustattoo/,,,,,
other,zoray_tattoo,https://www.instagram.com/zoray_tattoo/,,,,,
other,zoraypt,https://www.instagram.com/zoraypt/,,,,,
